"","Age","MonthlyIncome","PercentSalaryHike","YearsAtCompany","clusterID"
"1",41,5993,11,6,2
"2",49,5130,23,10,4
"3",37,2090,15,0,2
"4",33,2909,11,8,2
"5",27,3468,12,2,2
"6",32,3068,13,7,2
"7",59,2670,20,1,1
"8",30,2693,22,1,4
"9",38,9526,21,9,4
"10",36,5237,13,7,2
"11",35,2426,13,5,2
"12",29,4193,12,9,2
"13",31,2911,17,5,4
"14",34,2661,11,2,2
"15",28,2028,14,4,2
"16",29,9980,11,10,2
"17",32,3298,12,6,2
"18",22,2935,13,1,2
"19",53,15427,16,25,3
"20",38,3944,11,3,2
"21",24,4011,18,4,4
"22",36,3407,23,5,4
"23",34,11994,11,12,2
"24",21,1232,14,0,2
"25",34,2960,11,4,2
"26",53,19094,11,14,3
"27",32,3919,22,10,4
"28",42,6825,11,9,2
"29",44,10248,14,22,3
"30",46,18947,12,2,1
"31",33,2496,11,1,2
"32",44,6465,13,4,1
"33",30,2206,13,10,2
"34",39,2086,14,1,2
"35",24,2293,16,2,2
"36",43,2645,12,5,2
"37",50,2683,14,3,1
"38",35,2014,13,2,2
"39",36,3419,14,1,2
"40",33,5376,19,5,4
"41",35,1951,12,1,2
"42",27,2341,13,1,2
"43",26,2293,12,1,2
"44",27,8726,15,9,2
"45",30,4011,23,12,4
"46",41,19545,12,22,3
"47",34,4568,20,9,4
"48",37,3022,21,1,4
"49",46,5772,21,9,4
"50",35,2269,19,1,4
"51",48,5381,13,1,1
"52",28,3441,13,2,2
"53",44,5454,21,4,4
"54",35,9884,13,4,2
"55",26,4157,19,2,4
"56",33,13458,12,15,3
"57",35,9069,22,9,4
"58",35,4014,15,2,2
"59",31,5915,22,7,4
"60",37,5993,18,7,4
"61",32,6162,22,9,4
"62",38,2406,11,10,2
"63",50,18740,12,27,3
"64",59,7637,11,21,3
"65",36,10096,13,17,3
"66",55,14756,14,5,1
"67",36,6499,13,6,2
"68",45,9724,17,1,1
"69",35,2194,13,3,2
"70",36,3388,17,1,4
"71",59,5473,11,4,1
"72",29,2703,23,5,4
"73",31,2501,17,1,4
"74",32,6220,17,10,4
"75",36,3038,12,1,2
"76",31,4424,23,11,4
"77",35,4312,14,15,2
"78",45,13245,14,0,1
"79",37,13664,13,5,1
"80",46,5021,22,4,4
"81",30,5126,12,10,2
"82",35,2859,18,6,4
"83",55,10239,14,1,1
"84",38,5329,12,13,2
"85",34,4325,15,5,2
"86",56,7260,11,6,1
"87",23,2322,13,0,2
"88",51,2075,23,4,4
"89",30,4152,19,11,4
"90",46,9619,16,9,1
"91",40,13503,22,22,3
"92",51,5441,22,10,4
"93",30,5209,12,11,2
"94",46,10673,13,10,1
"95",32,5010,16,11,2
"96",54,13549,12,4,1
"97",24,4999,21,3,4
"98",28,4221,15,5,2
"99",58,13872,13,37,3
"100",44,2042,12,3,2
"101",37,2073,22,3,4
"102",32,2956,13,1,2
"103",20,2926,18,1,4
"104",34,4809,14,16,2
"105",37,5163,14,1,2
"106",59,18844,21,3,1
"107",50,18172,19,8,1
"108",25,5744,11,6,2
"109",25,2889,11,2,2
"110",22,2871,15,0,2
"111",51,7484,20,13,1
"112",34,6074,24,9,4
"113",54,17328,12,5,1
"114",24,2774,12,5,2
"115",34,4505,15,1,2
"116",37,7428,12,5,2
"117",34,11631,12,11,2
"118",36,9738,14,9,2
"119",36,2835,22,1,4
"120",43,16959,12,25,3
"121",30,2613,25,10,4
"122",33,6146,13,7,2
"123",56,4963,18,5,1
"124",51,19537,13,20,3
"125",31,6172,18,7,4
"126",26,2368,19,5,4
"127",58,10312,12,40,3
"128",19,1675,19,0,4
"129",22,2523,14,2,2
"130",49,6567,14,15,1
"131",43,4739,12,3,2
"132",50,9208,11,2,1
"133",31,4559,11,2,2
"134",41,8189,13,9,1
"135",26,2942,23,8,4
"136",36,4941,20,3,4
"137",51,10650,15,4,1
"138",39,5902,14,15,2
"139",25,8639,18,2,4
"140",30,6347,19,11,4
"141",32,4200,22,5,4
"142",45,3452,13,6,2
"143",38,4317,20,3,4
"144",30,2632,14,5,2
"145",32,4668,17,8,4
"146",30,3204,14,3,2
"147",30,2720,13,5,2
"148",41,17181,13,7,1
"149",41,2238,21,5,4
"150",19,1483,14,1,2
"151",40,5605,11,20,3
"152",35,7295,13,10,2
"153",53,2306,20,7,4
"154",45,2348,18,17,4
"155",32,8998,14,9,2
"156",29,4319,13,10,2
"157",51,6132,17,1,1
"158",58,3346,20,1,1
"159",40,10855,11,12,1
"160",34,2231,18,4,4
"161",22,2323,24,2,4
"162",27,2024,18,2,4
"163",28,2713,11,5,2
"164",57,9439,16,5,1
"165",27,2566,15,1,2
"166",50,19926,15,5,1
"167",41,2451,12,9,2
"168",30,9419,12,10,2
"169",38,8686,22,8,4
"170",32,3038,20,5,4
"171",27,3058,16,5,2
"172",19,2325,21,0,4
"173",36,2088,12,8,2
"174",30,3072,11,12,2
"175",45,5006,11,5,2
"176",56,4257,18,2,1
"177",33,2500,14,3,2
"178",19,1102,22,1,4
"179",46,10453,25,24,3
"180",38,2288,12,2,2
"181",31,3929,23,4,4
"182",34,2311,15,3,2
"183",41,3140,22,4,4
"184",50,3690,15,3,1
"185",53,4450,11,4,1
"186",33,2756,13,8,2
"187",40,19033,14,20,3
"188",55,18722,11,24,3
"189",34,9547,17,10,4
"190",51,13734,18,7,1
"191",52,19999,14,33,3
"192",27,2279,16,7,2
"193",35,5916,13,1,2
"194",43,2089,14,5,2
"195",45,16792,23,20,3
"196",37,3564,12,8,2
"197",35,4425,11,6,2
"198",42,5265,16,5,2
"199",38,6553,14,1,2
"200",38,6261,18,7,4
"201",27,4298,19,2,4
"202",49,6804,15,7,1
"203",34,3815,17,5,4
"204",40,2741,15,7,2
"205",38,6673,19,1,4
"206",29,7639,22,10,4
"207",22,2328,16,4,2
"208",36,2153,13,8,2
"209",40,4876,14,3,2
"210",46,9396,16,4,1
"211",32,10400,11,14,2
"212",30,8474,22,11,4
"213",27,9981,14,7,2
"214",51,12490,16,10,1
"215",30,2657,11,5,2
"216",41,13591,18,1,1
"217",30,6696,15,6,2
"218",29,2058,14,6,2
"219",45,8865,12,19,3
"220",54,5940,14,6,1
"221",36,5914,16,13,2
"222",33,2622,21,3,4
"223",37,12185,14,10,1
"224",38,10609,12,16,3
"225",31,4345,12,5,2
"226",59,2177,17,1,1
"227",37,2793,17,9,4
"228",29,7918,14,11,2
"229",35,8789,14,10,2
"230",29,2389,13,4,2
"231",52,3212,15,2,1
"232",42,19232,11,22,3
"233",59,2267,17,2,1
"234",50,19517,11,7,1
"235",33,2436,13,5,2
"236",43,16064,22,17,3
"237",33,2707,20,9,4
"238",52,19068,18,33,3
"239",32,3931,11,4,2
"240",32,3730,14,3,2
"241",39,2232,14,3,2
"242",32,4465,18,3,4
"243",41,3072,16,1,2
"244",40,3319,17,9,4
"245",45,19202,11,24,3
"246",31,13675,12,2,2
"247",33,2911,13,2,2
"248",34,5957,13,11,2
"249",37,3920,14,3,2
"250",45,6434,17,3,1
"251",37,10048,11,1,2
"252",39,10938,25,19,4
"253",29,2340,19,6,4
"254",42,6545,13,3,2
"255",29,6931,14,3,2
"256",25,4898,12,4,2
"257",42,2593,11,9,2
"258",40,19436,19,21,3
"259",51,2723,11,1,1
"260",31,3479,11,5,2
"261",32,2794,20,5,4
"262",38,5249,18,8,4
"263",32,2176,13,6,2
"264",46,16872,12,7,1
"265",28,3485,11,0,2
"266",29,6644,19,0,4
"267",31,5582,21,9,4
"268",25,4000,12,6,2
"269",45,13496,14,20,3
"270",36,3210,11,15,2
"271",55,19045,14,36,3
"272",47,11849,12,10,1
"273",28,2070,23,5,4
"274",37,6502,14,5,2
"275",21,3230,17,3,4
"276",37,13603,18,5,1
"277",35,11996,18,7,4
"278",38,5605,24,8,4
"279",26,6397,20,6,4
"280",50,19144,14,10,1
"281",53,17584,16,5,1
"282",42,4907,25,20,4
"283",29,4554,18,10,4
"284",55,5415,19,10,1
"285",26,4741,13,5,2
"286",37,2115,12,17,2
"287",44,3161,22,1,4
"288",38,5745,14,2,2
"289",26,2373,13,3,2
"290",28,3310,21,5,4
"291",49,18665,11,3,1
"292",36,4485,12,8,2
"293",31,2789,11,2,2
"294",26,5828,12,8,2
"295",37,2326,12,4,2
"296",42,13525,14,20,3
"297",18,1420,13,0,2
"298",35,8020,15,11,2
"299",36,3688,18,1,4
"300",51,5482,18,4,1
"301",41,16015,19,22,3
"302",18,1200,12,0,2
"303",28,5661,19,8,4
"304",31,6929,11,8,2
"305",39,9613,17,18,3
"306",36,5674,15,9,2
"307",32,5484,14,13,2
"308",38,12061,17,10,1
"309",58,5660,13,5,1
"310",31,4821,12,5,2
"311",31,6410,12,2,2
"312",45,5210,18,24,3
"313",31,2695,18,2,4
"314",33,11878,11,10,2
"315",39,17068,14,21,3
"316",43,2455,19,8,4
"317",49,13964,12,7,1
"318",52,4941,15,8,1
"319",27,2478,12,4,2
"320",32,5228,11,13,2
"321",27,4478,11,5,2
"322",31,7547,12,7,2
"323",32,5055,16,7,2
"324",28,3464,13,3,2
"325",30,5775,13,10,2
"326",31,8943,24,10,4
"327",39,19272,15,21,3
"328",39,5238,18,1,4
"329",33,4682,14,7,2
"330",47,18300,11,3,1
"331",43,5257,11,9,2
"332",27,6349,13,5,2
"333",54,4869,12,4,1
"334",43,9985,16,1,1
"335",45,3697,14,10,2
"336",40,7457,22,4,4
"337",29,2119,11,7,2
"338",29,3983,17,3,4
"339",30,6118,13,10,2
"340",27,6214,18,8,4
"341",37,6347,16,6,2
"342",38,11510,14,11,1
"343",31,7143,14,11,2
"344",29,8268,14,7,2
"345",35,8095,13,16,2
"346",23,2904,12,4,2
"347",41,6032,15,5,2
"348",47,2976,19,0,4
"349",42,15992,14,1,1
"350",29,4649,14,4,2
"351",42,2696,11,3,2
"352",32,2370,13,8,2
"353",48,12504,21,0,1
"354",37,5974,13,7,2
"355",30,4736,12,2,2
"356",26,5296,17,8,4
"357",42,6781,23,1,4
"358",21,2174,11,3,2
"359",36,6653,15,1,2
"360",36,9699,11,13,2
"361",57,6755,11,3,1
"362",40,2213,13,7,2
"363",21,2610,24,3,4
"364",33,2851,13,1,2
"365",37,3452,20,5,4
"366",46,5258,14,1,1
"367",41,9355,18,8,1
"368",50,10496,15,4,1
"369",40,6380,12,6,2
"370",31,2657,16,2,2
"371",21,2716,15,1,2
"372",29,2201,16,3,2
"373",35,6540,19,1,4
"374",27,3816,11,5,2
"375",28,5253,16,7,2
"376",49,10965,24,5,4
"377",51,4936,11,7,1
"378",36,2543,13,2,2
"379",34,5304,13,5,2
"380",55,16659,13,5,1
"381",24,4260,12,5,2
"382",30,2476,18,1,4
"383",26,3102,22,6,4
"384",22,2244,13,2,2
"385",36,7596,13,10,2
"386",30,2285,23,1,4
"387",37,3034,12,18,2
"388",40,5715,12,5,2
"389",42,2576,16,5,2
"390",37,4197,12,1,2
"391",43,14336,11,25,3
"392",40,3448,22,1,4
"393",54,19406,11,4,1
"394",34,6538,15,3,2
"395",31,4306,12,13,2
"396",43,2258,20,3,4
"397",43,4522,14,5,2
"398",25,4487,11,5,2
"399",37,4449,15,13,2
"400",31,2218,12,4,2
"401",39,19197,14,21,3
"402",56,13212,11,7,1
"403",30,6577,11,5,2
"404",41,8392,16,10,1
"405",28,4558,12,10,2
"406",25,4031,13,2,2
"407",52,7969,14,5,1
"408",45,2654,21,2,4
"409",52,16555,13,5,1
"410",42,4556,11,5,2
"411",30,6091,20,5,4
"412",60,19566,11,29,3
"413",46,4810,14,10,1
"414",42,4523,11,6,2
"415",24,3202,16,5,2
"416",34,2351,16,2,2
"417",38,1702,23,1,4
"418",40,18041,14,20,3
"419",26,2886,22,3,4
"420",30,2097,15,5,2
"421",29,11935,18,10,4
"422",29,2546,16,2,2
"423",19,2564,12,1,2
"424",30,8412,11,9,2
"425",57,14118,12,1,1
"426",50,17046,15,27,3
"427",30,2564,14,11,2
"428",60,10266,19,18,3
"429",47,5070,13,5,1
"430",46,17861,13,3,1
"431",35,4230,15,5,2
"432",54,3780,11,1,1
"433",34,2768,12,7,2
"434",46,9071,19,3,1
"435",31,10648,25,13,4
"436",33,13610,12,7,2
"437",33,3408,13,4,2
"438",30,2983,14,3,2
"439",35,7632,12,8,2
"440",31,9824,12,1,2
"441",34,9950,15,3,2
"442",42,2093,17,2,4
"443",36,9980,14,10,2
"444",22,3894,16,2,2
"445",48,4051,14,9,1
"446",55,16835,23,10,1
"447",41,6230,14,14,2
"448",35,4717,11,11,2
"449",40,13237,15,20,3
"450",39,3755,11,8,2
"451",31,6582,13,6,2
"452",42,7406,21,10,4
"453",45,4805,19,8,4
"454",26,2741,11,7,2
"455",29,4262,12,3,2
"456",33,16184,19,6,4
"457",31,11557,21,5,4
"458",18,1878,14,0,2
"459",40,10932,15,1,1
"460",41,6811,17,8,4
"461",26,4306,12,0,2
"462",35,4859,16,5,2
"463",34,5337,12,10,2
"464",26,2340,18,1,4
"465",37,7491,17,6,4
"466",46,10527,11,2,1
"467",41,16595,16,18,3
"468",37,8834,13,9,2
"469",52,5577,12,10,1
"470",32,4707,12,4,2
"471",24,2400,13,2,2
"472",38,9824,19,1,4
"473",37,6447,12,6,2
"474",49,19502,17,31,3
"475",24,2725,11,6,2
"476",26,6272,20,5,4
"477",24,2127,21,1,4
"478",50,18200,11,32,3
"479",25,2096,11,7,2
"480",24,2886,16,6,2
"481",30,2033,18,1,4
"482",34,3622,13,6,2
"483",31,4233,17,3,4
"484",35,3681,14,3,2
"485",31,5460,22,7,4
"486",27,2187,12,5,2
"487",37,9602,11,3,2
"488",20,2836,13,1,2
"489",42,4089,13,10,2
"490",43,16627,14,1,1
"491",38,2619,17,0,4
"492",43,5679,13,8,2
"493",48,15402,11,3,1
"494",44,5985,11,2,2
"495",34,2579,18,8,4
"496",27,3041,11,4,2
"497",21,3447,11,3,2
"498",44,19513,12,2,1
"499",22,2773,20,2,4
"500",33,7104,12,5,2
"501",32,6322,12,6,2
"502",30,2083,20,1,4
"503",53,8381,20,14,1
"504",34,2691,12,10,2
"505",45,4286,14,1,2
"506",26,2659,13,3,2
"507",37,9434,15,10,2
"508",29,5561,14,6,2
"509",35,6646,13,17,2
"510",33,7725,23,13,4
"511",54,10725,15,9,1
"512",36,8847,11,3,2
"513",27,2045,13,4,2
"514",20,1009,11,1,2
"515",33,3348,11,10,2
"516",35,1281,18,1,4
"517",23,2819,16,3,2
"518",25,4851,22,3,4
"519",38,4028,20,7,4
"520",29,2720,18,10,4
"521",48,8120,12,2,1
"522",27,4647,20,6,4
"523",37,4680,17,1,4
"524",50,3221,11,20,3
"525",34,8621,14,8,2
"526",24,4577,14,2,2
"527",39,4553,11,20,3
"528",32,5396,12,10,2
"529",50,6796,14,4,1
"530",38,7625,13,9,2
"531",27,7412,11,9,2
"532",32,11159,15,7,2
"533",47,4960,12,7,1
"534",40,10475,21,18,3
"535",53,14814,19,5,1
"536",41,19141,15,21,3
"537",60,5405,14,2,1
"538",27,8793,21,9,4
"539",41,19189,12,22,3
"540",50,3875,15,2,1
"541",28,2216,13,7,2
"542",36,11713,14,8,1
"543",38,7861,14,1,2
"544",44,3708,14,5,2
"545",47,13770,12,22,3
"546",30,5304,23,8,4
"547",29,2642,11,1,2
"548",42,2759,12,2,2
"549",43,6804,18,2,4
"550",34,6142,11,5,2
"551",23,2500,14,4,2
"552",39,6389,15,8,2
"553",56,11103,11,10,1
"554",40,2342,20,4,4
"555",27,6811,19,7,4
"556",29,2297,14,2,2
"557",53,2450,17,2,1
"558",35,5093,11,1,2
"559",32,5309,15,10,2
"560",38,3057,13,1,2
"561",34,5121,14,0,2
"562",52,16856,11,34,3
"563",33,2686,13,10,2
"564",25,6180,23,6,4
"565",45,6632,13,8,1
"566",23,3505,18,2,4
"567",47,6397,12,5,1
"568",34,6274,22,6,4
"569",55,19859,13,5,1
"570",36,7587,15,10,2
"571",52,4258,18,4,1
"572",26,4364,14,2,2
"573",29,4335,12,8,2
"574",26,5326,17,4,4
"575",34,3280,16,4,2
"576",54,5485,11,5,1
"577",27,4342,19,4,4
"578",37,2782,13,5,2
"579",38,5980,12,15,2
"580",34,4381,11,6,2
"581",35,2572,16,3,2
"582",30,3833,21,2,4
"583",40,4244,24,8,4
"584",34,6500,17,3,4
"585",42,18430,13,24,3
"586",23,1601,21,0,4
"587",24,2694,11,1,2
"588",52,3149,20,5,4
"589",50,17639,16,4,1
"590",29,2319,11,1,2
"591",33,11691,11,13,2
"592",33,5324,15,3,2
"593",47,16752,11,26,3
"594",36,5228,15,9,2
"595",29,2700,24,10,4
"596",58,19246,12,31,3
"597",35,2506,13,2,2
"598",42,6062,13,4,2
"599",28,4382,17,2,4
"600",36,2143,13,5,2
"601",32,6162,12,14,2
"602",40,5094,14,1,2
"603",30,6877,24,0,4
"604",45,2274,14,1,2
"605",42,4434,13,9,2
"606",38,6288,15,4,2
"607",34,2553,16,5,2
"608",49,7654,18,9,1
"609",55,5160,16,9,1
"610",43,17159,24,4,1
"611",27,12808,16,9,2
"612",35,10221,21,8,4
"613",28,4779,20,8,4
"614",34,3737,19,3,4
"615",26,2366,14,8,2
"616",27,1706,11,0,2
"617",51,16307,14,20,3
"618",44,5933,12,5,2
"619",25,3424,13,4,2
"620",33,4037,22,9,4
"621",35,2559,11,6,2
"622",36,6201,14,18,2
"623",32,4403,11,5,2
"624",30,3761,12,5,2
"625",53,10934,18,5,1
"626",45,10761,12,5,1
"627",32,5175,12,5,2
"628",52,13826,22,9,1
"629",37,6334,19,1,4
"630",28,4936,13,5,2
"631",22,4775,22,2,4
"632",44,2818,24,3,4
"633",42,2515,14,2,2
"634",36,2342,21,5,4
"635",25,4194,18,5,4
"636",35,10685,20,17,3
"637",35,2022,19,10,4
"638",32,2314,12,3,2
"639",25,4256,12,5,2
"640",49,3580,16,4,1
"641",24,3162,17,5,4
"642",32,6524,14,10,2
"643",38,2899,19,2,4
"644",42,5231,13,5,2
"645",31,2356,19,6,4
"646",29,2800,19,3,4
"647",53,11836,14,2,1
"648",35,10903,16,13,3
"649",37,2973,15,5,2
"650",53,14275,18,12,1
"651",43,5562,13,5,2
"652",47,4537,22,7,4
"653",37,7642,13,10,2
"654",50,17924,11,31,3
"655",39,5204,11,5,2
"656",33,2277,11,4,2
"657",32,2795,24,1,4
"658",29,2532,14,4,2
"659",44,2559,13,8,2
"660",28,4908,14,4,2
"661",58,2380,14,1,1
"662",43,4765,21,1,4
"663",20,2044,13,2,2
"664",21,2693,19,1,4
"665",36,6586,17,16,4
"666",47,3294,18,3,4
"667",22,4171,19,3,4
"668",41,2778,13,7,2
"669",28,2377,18,2,4
"670",39,2404,21,2,4
"671",27,2318,19,1,4
"672",34,2008,14,1,2
"673",42,6244,17,5,4
"674",33,2799,11,3,2
"675",58,10552,13,6,1
"676",31,2329,15,7,2
"677",35,4014,25,10,4
"678",49,7403,11,26,3
"679",48,2259,17,0,1
"680",31,6932,13,9,2
"681",36,4678,18,6,4
"682",38,13582,13,15,3
"683",32,2332,20,3,4
"684",25,2413,18,1,4
"685",40,9705,12,1,1
"686",26,4294,12,7,2
"687",41,4721,13,18,2
"688",36,2519,21,11,4
"689",19,2121,13,1,2
"690",20,2973,19,1,4
"691",31,5855,11,9,2
"692",40,3617,14,1,2
"693",32,6725,12,8,2
"694",36,10325,11,16,3
"695",33,6949,14,5,2
"696",37,10609,11,14,3
"697",45,4447,12,9,2
"698",29,2157,15,3,2
"699",35,4601,16,5,2
"700",52,17099,15,9,1
"701",58,2479,24,1,4
"702",53,14852,13,17,3
"703",30,7264,11,8,2
"704",38,5666,13,5,2
"705",35,7823,13,10,2
"706",39,7880,18,8,4
"707",40,13194,16,1,1
"708",47,5067,19,19,3
"709",36,5079,13,7,2
"710",31,2321,22,3,4
"711",33,17444,11,10,3
"712",29,2404,20,0,4
"713",33,3452,18,3,4
"714",45,2270,14,5,2
"715",50,17399,22,5,1
"716",33,5488,13,6,2
"717",41,19419,17,18,3
"718",27,2811,14,2,2
"719",45,3633,15,9,2
"720",47,4163,17,9,1
"721",30,2132,11,5,2
"722",50,13973,18,12,1
"723",38,2684,17,2,4
"724",46,10845,13,8,1
"725",24,4377,15,4,2
"726",35,3743,24,4,4
"727",31,4148,12,4,2
"728",18,1051,15,0,2
"729",54,10739,11,10,1
"730",35,10388,11,16,3
"731",30,11416,12,8,2
"732",20,2600,15,1,2
"733",30,2422,17,3,4
"734",26,5472,12,8,2
"735",22,2451,15,4,2
"736",48,4240,13,2,1
"737",48,10999,14,15,3
"738",41,5003,14,2,2
"739",39,12742,16,21,3
"740",27,4227,18,3,4
"741",35,3917,20,3,4
"742",42,18303,13,1,1
"743",50,2380,18,1,1
"744",59,13726,13,5,1
"745",37,4777,15,1,2
"746",55,6385,14,8,1
"747",41,19973,22,21,3
"748",38,6861,12,1,2
"749",26,4969,18,2,4
"750",52,19845,15,32,3
"751",44,13320,18,12,1
"752",50,6347,12,18,3
"753",36,2743,16,17,2
"754",39,10880,13,21,3
"755",33,2342,19,2,4
"756",45,17650,13,9,1
"757",32,4025,12,8,2
"758",34,9725,11,15,2
"759",59,11904,14,6,1
"760",45,2177,16,6,2
"761",53,7525,12,15,1
"762",36,4834,14,1,2
"763",26,2042,14,3,2
"764",34,2220,19,1,4
"765",28,1052,22,1,4
"766",38,2821,16,2,2
"767",50,19237,11,8,1
"768",37,4107,15,4,2
"769",40,8396,14,7,1
"770",26,2007,13,5,2
"771",46,19627,17,2,1
"772",54,10686,11,9,1
"773",56,2942,19,5,1
"774",36,8858,11,14,2
"775",55,16756,15,9,1
"776",43,10798,13,1,1
"777",20,2323,14,2,2
"778",21,1416,13,1,2
"779",46,4615,23,16,4
"780",51,2461,12,10,1
"781",28,8722,12,10,2
"782",26,3955,16,5,2
"783",30,9957,15,6,2
"784",41,3376,13,10,2
"785",38,8823,18,19,3
"786",40,10322,20,11,4
"787",27,4621,19,3,4
"788",55,10976,18,3,1
"789",28,3660,13,8,2
"790",44,10482,14,20,3
"791",33,7119,15,3,2
"792",35,9582,22,8,4
"793",33,4508,22,13,4
"794",28,2207,16,4,2
"795",34,7756,17,6,4
"796",37,6694,14,1,2
"797",25,3691,15,7,2
"798",26,2377,20,1,4
"799",33,2313,20,2,4
"800",42,17665,17,22,3
"801",28,2596,15,1,2
"802",50,4728,14,0,1
"803",33,4302,17,3,4
"804",34,2979,17,0,4
"805",48,16885,22,5,1
"806",45,5593,13,15,1
"807",52,10445,19,8,1
"808",38,8740,14,8,2
"809",29,2514,22,7,4
"810",28,7655,17,9,4
"811",46,17465,12,12,3
"812",38,7351,16,1,2
"813",43,10820,11,8,1
"814",39,12169,11,18,3
"815",40,19626,14,20,3
"816",21,2070,11,2,2
"817",39,6782,15,5,2
"818",36,7779,20,11,4
"819",31,2791,12,2,2
"820",28,3201,17,5,4
"821",35,4968,11,5,2
"822",49,13120,17,9,1
"823",34,4033,11,3,2
"824",29,3291,14,7,2
"825",42,4272,19,1,4
"826",29,5056,15,10,2
"827",38,2844,13,7,2
"828",28,2703,14,3,2
"829",18,1904,12,0,2
"830",33,8224,17,5,4
"831",41,4766,11,1,2
"832",31,2610,12,2,2
"833",37,5731,13,6,2
"834",27,2539,13,4,2
"835",34,5714,20,6,4
"836",35,4323,17,5,4
"837",29,7336,13,11,2
"838",40,13499,17,18,3
"839",42,13758,12,21,3
"840",42,5155,13,6,2
"841",35,2258,12,8,2
"842",24,3597,22,4,4
"843",28,2515,11,1,2
"844",26,4420,22,8,4
"845",30,6578,18,10,4
"846",40,4422,13,1,2
"847",35,10274,18,7,4
"848",34,5343,20,13,4
"849",35,2376,13,2,2
"850",43,5346,13,4,2
"851",32,2827,12,1,2
"852",56,19943,13,5,1
"853",29,3131,13,10,2
"854",19,2552,25,1,4
"855",45,4477,19,3,4
"856",37,6474,13,14,2
"857",20,3033,12,2,2
"858",44,2936,11,6,2
"859",53,18606,18,7,1
"860",29,2168,18,5,4
"861",22,2853,11,0,2
"862",46,17048,23,26,3
"863",44,2290,13,0,2
"864",33,3600,13,5,2
"865",41,2107,17,1,4
"866",30,4115,19,4,4
"867",40,4327,12,0,2
"868",50,17856,22,2,1
"869",28,3196,12,6,2
"870",46,19081,11,4,1
"871",35,8966,15,7,2
"872",24,2210,13,1,2
"873",33,4539,12,10,2
"874",36,2741,14,7,2
"875",30,3491,13,10,2
"876",44,4541,25,20,4
"877",20,2678,17,2,4
"878",46,7379,11,6,1
"879",42,6272,16,4,1
"880",60,5220,18,11,1
"881",32,2743,20,2,4
"882",32,4998,14,8,2
"883",36,10252,21,7,4
"884",33,2781,13,14,2
"885",40,6852,12,5,2
"886",25,4950,14,4,2
"887",30,3579,21,11,4
"888",42,13191,17,1,1
"889",35,10377,11,13,2
"890",27,2235,14,9,2
"891",54,10502,17,5,1
"892",44,2011,13,10,2
"893",19,1859,25,1,4
"894",29,3760,15,3,2
"895",54,17779,14,10,1
"896",31,6833,12,6,2
"897",31,6812,19,10,4
"898",59,5171,17,6,1
"899",43,19740,14,8,1
"900",49,18711,13,1,1
"901",36,3692,12,11,2
"902",48,2559,11,1,2
"903",27,2517,11,5,2
"904",29,6623,11,6,2
"905",48,18265,12,1,1
"906",29,16124,14,7,2
"907",34,2585,17,1,4
"908",44,18213,11,22,3
"909",33,8380,14,9,2
"910",19,2994,12,1,2
"911",23,1223,22,1,4
"912",25,1118,14,1,2
"913",26,2875,20,8,4
"914",45,18824,16,24,3
"915",55,13577,15,33,3
"916",21,2625,20,2,4
"917",46,18789,14,11,3
"918",34,4538,12,3,2
"919",51,19847,24,29,3
"920",59,10512,12,9,1
"921",34,4444,13,11,2
"922",28,2154,11,4,2
"923",44,19190,14,25,3
"924",34,4490,11,10,2
"925",35,3506,14,3,2
"926",42,2372,16,1,2
"927",43,10231,14,21,3
"928",36,5410,11,16,2
"929",44,7978,11,10,1
"930",28,3867,12,2,2
"931",51,2838,14,7,1
"932",30,4695,18,8,4
"933",29,3339,13,7,2
"934",28,2080,11,3,2
"935",25,2096,18,2,4
"936",32,6209,15,10,2
"937",45,18061,22,0,1
"938",39,17123,13,19,3
"939",58,2372,12,2,1
"940",32,4883,18,10,4
"941",39,3904,13,5,2
"942",30,4627,12,9,2
"943",36,7094,12,7,2
"944",46,3423,12,7,2
"945",28,6674,11,9,2
"946",50,16880,11,3,1
"947",40,9094,12,5,2
"948",52,8446,19,8,1
"949",30,11916,23,9,4
"950",39,4534,11,8,2
"951",31,9852,19,10,4
"952",41,6151,13,19,3
"953",31,2302,11,3,2
"954",44,2362,12,3,2
"955",42,17861,13,20,3
"956",55,19187,14,19,3
"957",56,19717,14,7,1
"958",40,3544,16,4,2
"959",34,8500,11,9,2
"960",40,4661,13,9,2
"961",41,4103,17,9,4
"962",35,4249,11,9,2
"963",51,14026,11,33,3
"964",38,6893,15,7,2
"965",34,6125,12,10,2
"966",25,3669,11,3,2
"967",58,10008,14,10,1
"968",40,2387,22,4,4
"969",36,4639,16,15,2
"970",48,7898,11,10,1
"971",27,2534,14,1,2
"972",51,13142,16,5,1
"973",18,1611,15,0,2
"974",35,5363,12,9,2
"975",27,5071,20,6,4
"976",55,13695,17,19,3
"977",56,13402,12,19,3
"978",34,2029,20,5,4
"979",40,6377,20,12,4
"980",34,5429,13,8,2
"981",31,2785,14,1,2
"982",35,4614,18,4,4
"983",38,2610,11,4,2
"984",34,6687,11,14,2
"985",28,4724,11,5,2
"986",31,6179,15,10,2
"987",39,6120,12,5,2
"988",51,10596,11,4,1
"989",41,5467,14,6,2
"990",37,2996,15,6,2
"991",33,9998,13,5,2
"992",32,4078,13,3,2
"993",39,10920,21,6,4
"994",25,6232,11,3,2
"995",52,13247,11,5,1
"996",43,4081,14,20,3
"997",27,5769,11,6,2
"998",27,2394,13,8,2
"999",26,3904,12,4,2
"1000",42,16799,14,20,3
"1001",52,2950,13,5,1
"1002",37,3629,18,3,4
"1003",35,9362,11,2,2
"1004",25,3229,11,3,2
"1005",26,3578,12,7,2
"1006",29,7988,13,10,2
"1007",49,4284,20,4,4
"1008",29,7553,12,8,2
"1009",54,17328,19,20,3
"1010",58,19701,21,9,1
"1011",55,14732,13,7,1
"1012",36,9278,16,5,2
"1013",31,1359,12,1,2
"1014",30,4779,14,3,2
"1015",31,16422,11,3,2
"1016",34,2996,14,4,2
"1017",31,1261,12,1,2
"1018",27,2099,14,5,2
"1019",36,5810,16,10,2
"1020",36,5647,13,3,2
"1021",47,3420,12,6,2
"1022",25,4400,12,3,2
"1023",37,3500,14,6,2
"1024",56,2066,22,3,4
"1025",47,17169,19,20,3
"1026",24,4162,12,5,2
"1027",32,9204,12,4,2
"1028",34,3294,17,5,4
"1029",41,2127,12,4,2
"1030",40,3975,11,8,2
"1031",31,10793,18,13,4
"1032",46,10096,11,7,1
"1033",39,3646,23,1,4
"1034",31,7446,11,10,2
"1035",45,10851,18,7,1
"1036",31,2109,18,3,4
"1037",31,3722,13,2,2
"1038",45,9380,18,3,1
"1039",48,5486,11,2,1
"1040",34,2742,15,2,2
"1041",40,13757,11,9,1
"1042",28,8463,18,5,4
"1043",44,3162,14,5,2
"1044",53,16598,12,9,1
"1045",49,6651,14,3,1
"1046",40,2345,14,3,2
"1047",44,3420,13,5,2
"1048",33,4373,14,4,2
"1049",34,4759,18,13,4
"1050",30,5301,15,2,2
"1051",42,3673,13,12,2
"1052",44,4768,12,1,2
"1053",30,1274,13,1,2
"1054",57,4900,24,12,4
"1055",49,10466,14,8,1
"1056",34,17007,14,14,3
"1057",28,2909,15,3,2
"1058",29,5765,11,5,2
"1059",34,4599,23,15,4
"1060",35,2404,13,1,2
"1061",24,3172,11,0,2
"1062",24,2033,13,1,2
"1063",44,10209,18,2,1
"1064",29,8620,14,10,2
"1065",30,2064,21,5,4
"1066",55,4035,16,3,1
"1067",33,3838,11,5,2
"1068",47,4591,17,5,1
"1069",28,2561,11,0,2
"1070",28,1563,14,1,2
"1071",28,4898,14,4,2
"1072",49,4789,25,3,4
"1073",29,3180,13,3,2
"1074",28,6549,14,8,2
"1075",33,6388,17,0,4
"1076",32,11244,25,5,4
"1077",54,16032,20,14,3
"1078",29,2362,13,9,2
"1079",44,16328,13,20,3
"1080",39,8376,18,2,4
"1081",46,16606,12,13,3
"1082",35,8606,19,11,4
"1083",23,2272,14,4,2
"1084",40,2018,14,5,2
"1085",34,7083,14,10,2
"1086",31,4084,12,7,2
"1087",50,14411,13,32,3
"1088",34,2308,25,11,4
"1089",42,4841,14,1,2
"1090",37,4285,17,10,4
"1091",29,9715,13,7,2
"1092",33,4320,13,5,2
"1093",45,2132,20,5,4
"1094",42,10124,14,20,3
"1095",40,5473,12,8,2
"1096",33,5207,12,15,2
"1097",40,16437,21,21,3
"1098",24,2296,14,1,2
"1099",40,4069,18,2,4
"1100",45,7441,12,10,1
"1101",35,2430,23,5,4
"1102",32,5878,12,7,2
"1103",36,2644,21,3,4
"1104",48,6439,14,8,1
"1105",29,2451,18,1,4
"1106",33,6392,13,2,2
"1107",30,9714,11,10,2
"1108",38,6077,11,6,2
"1109",35,2450,19,3,4
"1110",30,9250,12,4,2
"1111",35,2074,12,1,2
"1112",53,10169,16,33,3
"1113",38,4855,11,5,2
"1114",32,4087,14,6,2
"1115",48,2367,12,8,2
"1116",34,2972,13,1,2
"1117",55,19586,21,36,3
"1118",34,5484,17,2,4
"1119",26,2061,21,1,4
"1120",38,9924,11,9,2
"1121",38,4198,12,3,2
"1122",36,6815,13,1,2
"1123",29,4723,18,10,4
"1124",35,6142,16,5,2
"1125",39,8237,11,7,2
"1126",29,8853,19,6,4
"1127",50,19331,16,1,1
"1128",23,2073,16,2,2
"1129",36,5562,13,3,2
"1130",42,19613,22,1,1
"1131",35,3407,17,10,4
"1132",34,5063,14,8,2
"1133",40,4639,15,5,2
"1134",43,4876,12,6,2
"1135",35,2690,18,1,4
"1136",46,17567,15,26,3
"1137",28,2408,17,1,4
"1138",22,2814,14,4,2
"1139",50,11245,15,30,3
"1140",32,3312,17,3,4
"1141",44,19049,14,22,3
"1142",30,2141,12,6,2
"1143",45,5769,14,10,1
"1144",45,4385,15,10,1
"1145",31,5332,13,5,2
"1146",36,4663,12,3,2
"1147",34,4724,13,9,2
"1148",49,3211,14,9,1
"1149",39,5377,13,7,2
"1150",27,4066,11,7,2
"1151",35,5208,11,16,2
"1152",28,4877,21,5,4
"1153",21,3117,18,2,4
"1154",18,1569,12,0,2
"1155",47,19658,11,5,1
"1156",39,3069,15,10,2
"1157",40,10435,13,18,3
"1158",35,4148,12,14,2
"1159",37,5768,17,4,4
"1160",39,5042,13,9,2
"1161",45,5770,19,10,4
"1162",38,7756,19,5,4
"1163",35,10306,17,13,4
"1164",37,3936,11,8,2
"1165",40,7945,15,4,1
"1166",44,5743,11,10,2
"1167",48,15202,25,2,1
"1168",35,5440,14,2,2
"1169",24,3760,13,6,2
"1170",27,3517,17,3,4
"1171",27,2580,13,4,2
"1172",40,2166,14,4,2
"1173",29,5869,11,5,2
"1174",36,8008,12,3,2
"1175",25,5206,17,7,4
"1176",39,5295,21,5,4
"1177",49,16413,16,4,1
"1178",50,13269,15,14,3
"1179",20,2783,19,2,4
"1180",34,5433,12,11,2
"1181",36,2013,11,4,2
"1182",49,13966,19,15,3
"1183",36,4374,15,3,2
"1184",36,6842,20,5,4
"1185",54,17426,25,10,1
"1186",43,17603,24,14,3
"1187",35,4581,24,11,4
"1188",38,4735,15,13,2
"1189",29,4187,13,10,2
"1190",33,5505,14,6,2
"1191",32,5470,13,9,2
"1192",31,5476,11,10,2
"1193",49,2587,16,2,1
"1194",38,2440,22,4,4
"1195",47,15972,14,3,1
"1196",49,15379,14,8,1
"1197",41,7082,16,2,1
"1198",20,2728,11,2,2
"1199",33,5368,25,6,4
"1200",36,5347,14,3,2
"1201",44,3195,18,2,4
"1202",23,3989,11,5,2
"1203",38,3306,19,0,4
"1204",53,7005,15,4,1
"1205",48,2655,11,9,2
"1206",32,1393,12,1,2
"1207",26,2570,20,7,4
"1208",55,3537,12,4,1
"1209",34,3986,14,15,2
"1210",60,10883,20,1,1
"1211",33,2028,18,14,4
"1212",37,9525,14,6,2
"1213",34,2929,12,10,2
"1214",23,2275,21,3,4
"1215",44,7879,19,8,4
"1216",35,4930,14,5,2
"1217",43,7847,17,10,1
"1218",24,4401,16,5,2
"1219",41,9241,12,10,1
"1220",29,2974,17,5,4
"1221",36,4502,15,13,2
"1222",45,10748,23,23,3
"1223",24,1555,11,1,2
"1224",47,12936,11,23,3
"1225",26,2305,15,3,2
"1226",45,16704,11,21,3
"1227",32,3433,13,5,2
"1228",31,3477,14,5,2
"1229",41,6430,19,3,4
"1230",40,6516,16,1,2
"1231",24,3907,13,6,2
"1232",46,5562,14,10,1
"1233",35,6883,16,7,2
"1234",30,2862,12,10,2
"1235",47,4978,11,1,1
"1236",46,10368,12,10,1
"1237",36,6134,13,2,2
"1238",32,6735,15,0,2
"1239",23,3295,13,3,2
"1240",31,5238,20,5,4
"1241",39,6472,15,9,2
"1242",32,9610,13,4,2
"1243",40,19833,14,21,3
"1244",45,9756,21,5,4
"1245",30,4968,16,9,2
"1246",24,2145,14,2,2
"1247",30,2180,11,4,2
"1248",31,8346,19,5,4
"1249",27,3445,11,6,2
"1250",29,2760,13,2,2
"1251",29,6294,12,3,2
"1252",30,7140,11,7,2
"1253",34,2932,14,5,2
"1254",33,5147,15,11,2
"1255",49,4507,12,5,1
"1256",33,8564,20,0,4
"1257",38,2468,14,6,2
"1258",31,8161,13,1,2
"1259",29,2109,13,1,2
"1260",30,5294,16,7,2
"1261",32,2718,14,7,2
"1262",38,5811,16,1,2
"1263",43,2437,16,1,2
"1264",42,2766,22,5,4
"1265",55,19038,12,1,1
"1266",33,3055,15,9,2
"1267",41,2289,20,5,4
"1268",34,4001,14,15,2
"1269",53,12965,20,3,1
"1270",43,3539,13,9,2
"1271",34,6029,12,2,2
"1272",21,2679,13,1,2
"1273",38,3702,11,5,2
"1274",22,2398,17,1,4
"1275",31,5468,14,12,2
"1276",51,13116,11,2,1
"1277",37,4189,14,5,2
"1278",46,19328,17,2,1
"1279",36,8321,13,12,2
"1280",44,2342,12,5,2
"1281",37,4071,13,10,2
"1282",35,5813,18,10,4
"1283",33,3143,19,10,4
"1284",28,2044,11,5,2
"1285",39,13464,21,4,4
"1286",46,7991,15,2,1
"1287",40,3377,17,4,4
"1288",42,5538,18,0,4
"1289",35,5762,14,7,2
"1290",38,2592,13,11,2
"1291",34,5346,17,7,4
"1292",37,4213,15,10,2
"1293",39,4127,18,2,4
"1294",43,2438,13,3,2
"1295",41,6870,12,3,2
"1296",41,10447,13,22,3
"1297",30,9667,14,7,2
"1298",26,2148,11,5,2
"1299",46,8926,22,9,4
"1300",40,6513,17,5,4
"1301",34,6799,21,10,4
"1302",58,16291,22,16,3
"1303",35,2705,16,5,2
"1304",47,10333,12,22,3
"1305",40,4448,12,7,2
"1306",54,6854,15,7,1
"1307",31,9637,14,3,2
"1308",28,3591,25,3,4
"1309",38,5405,20,4,4
"1310",26,4684,13,5,2
"1311",58,15787,14,2,1
"1312",18,1514,16,0,2
"1313",31,2956,17,1,4
"1314",29,2335,15,2,2
"1315",45,5154,22,8,4
"1316",36,6962,22,1,4
"1317",43,5675,20,7,4
"1318",27,2379,14,5,2
"1319",29,3812,13,11,2
"1320",32,4648,13,0,2
"1321",42,2936,22,6,4
"1322",47,2105,12,2,2
"1323",46,8578,14,9,1
"1324",28,2706,15,3,2
"1325",29,6384,17,7,4
"1326",42,3968,13,0,2
"1327",32,9907,12,2,2
"1328",46,13225,12,19,3
"1329",27,3540,21,9,4
"1330",29,2804,11,1,2
"1331",43,19392,13,16,3
"1332",48,19665,12,22,3
"1333",29,2439,24,1,4
"1334",46,7314,21,8,4
"1335",27,4774,19,7,4
"1336",39,3902,14,2,2
"1337",55,2662,20,5,1
"1338",28,2856,19,1,4
"1339",30,1081,13,1,2
"1340",22,2472,23,1,4
"1341",36,5673,13,10,2
"1342",31,4197,11,10,2
"1343",34,9713,13,5,2
"1344",29,2062,14,3,2
"1345",37,4284,22,5,4
"1346",35,4788,11,3,2
"1347",45,5906,13,9,1
"1348",36,3886,21,10,4
"1349",40,16823,11,19,3
"1350",26,2933,13,1,2
"1351",27,6500,14,8,2
"1352",48,17174,11,22,3
"1353",44,5033,15,2,1
"1354",34,2307,23,5,4
"1355",56,2587,16,4,1
"1356",36,5507,16,4,2
"1357",41,4393,21,5,4
"1358",42,13348,13,13,3
"1359",31,6583,11,5,2
"1360",34,8103,12,4,2
"1361",31,3978,12,2,2
"1362",26,2544,18,7,4
"1363",45,5399,12,4,2
"1364",33,5487,14,10,2
"1365",28,6834,12,7,2
"1366",29,1091,17,1,4
"1367",39,5736,19,3,4
"1368",27,2226,11,5,2
"1369",34,5747,15,15,2
"1370",28,9854,11,2,2
"1371",47,5467,18,8,1
"1372",56,5380,16,0,1
"1373",39,5151,25,10,4
"1374",38,2133,16,20,2
"1375",58,17875,13,1,1
"1376",32,2432,14,4,2
"1377",38,4771,19,5,4
"1378",49,19161,15,5,1
"1379",42,5087,12,0,2
"1380",27,2863,12,1,2
"1381",35,5561,16,5,2
"1382",28,2144,14,5,2
"1383",31,3065,13,4,2
"1384",36,2810,22,5,4
"1385",34,9888,21,14,4
"1386",34,8628,18,8,4
"1387",26,2867,13,7,2
"1388",29,5373,12,5,2
"1389",32,6667,18,5,4
"1390",31,5003,21,10,4
"1391",28,2367,12,4,2
"1392",38,2858,14,1,2
"1393",35,5204,11,10,2
"1394",27,4105,14,7,2
"1395",32,9679,24,1,4
"1396",31,5617,11,10,2
"1397",53,10448,13,2,1
"1398",54,2897,11,4,1
"1399",33,5968,20,9,4
"1400",43,7510,17,10,1
"1401",38,2991,11,6,2
"1402",55,19636,18,10,1
"1403",31,1129,11,1,2
"1404",39,13341,12,20,3
"1405",42,4332,12,20,3
"1406",31,11031,20,11,4
"1407",54,4440,19,5,1
"1408",24,4617,12,4,2
"1409",23,2647,13,5,2
"1410",40,6323,11,10,2
"1411",40,5677,14,11,2
"1412",25,2187,14,2,2
"1413",30,3748,13,12,2
"1414",25,3977,19,2,4
"1415",47,8633,23,17,4
"1416",33,2008,12,1,2
"1417",38,4440,15,15,2
"1418",31,3067,19,2,4
"1419",38,5321,11,8,2
"1420",42,5410,17,4,4
"1421",41,2782,22,5,4
"1422",47,11957,18,13,1
"1423",35,2660,11,2,2
"1424",22,3375,12,3,2
"1425",35,5098,19,10,4
"1426",33,4878,13,9,2
"1427",32,2837,13,6,2
"1428",40,2406,19,1,4
"1429",32,2269,14,2,2
"1430",39,4108,13,7,2
"1431",38,13206,12,18,3
"1432",32,10422,19,14,4
"1433",37,13744,25,16,4
"1434",25,4907,22,5,4
"1435",52,3482,15,9,1
"1436",44,2436,12,4,2
"1437",21,2380,11,2,2
"1438",39,19431,13,6,1
"1439",23,1790,19,1,4
"1440",36,7644,19,9,4
"1441",36,5131,13,4,2
"1442",56,6306,21,13,1
"1443",29,4787,14,2,2
"1444",42,18880,11,22,3
"1445",56,2339,11,10,1
"1446",41,13570,23,20,3
"1447",34,6712,21,8,4
"1448",36,5406,24,15,4
"1449",41,8938,11,5,2
"1450",32,2439,14,4,2
"1451",35,8837,16,9,2
"1452",38,5343,11,10,2
"1453",50,6728,12,6,1
"1454",36,6652,13,6,2
"1455",45,4850,15,5,1
"1456",40,2809,14,2,2
"1457",35,5689,14,10,2
"1458",40,2001,14,5,2
"1459",35,2977,12,4,2
"1460",29,4025,13,4,2
"1461",29,3785,14,5,2
"1462",50,10854,13,3,1
"1463",39,12031,11,20,3
"1464",31,9936,19,9,4
"1465",26,2966,18,4,4
"1466",36,2571,17,5,4
"1467",39,9991,15,7,1
"1468",27,6142,20,6,4
"1469",49,5390,14,9,1
"1470",34,4404,12,4,2
